app,key_level,key,tsan_runs_hit,tsan-sound_runs_hit,tsan-sound-nofe_runs_hit,tsan_runs,tsan-sound_runs,tsan-sound-nofe_runs
sqlite,1,data race | atomic read:walTryBeginRead@sqlite3.c:68991 | write:walIndexRecover@sqlite3.c:67450 | mapped:test.db-shm+0x60,3,2,1,10,10,10
sqlite,1,data race | atomic read:walTryBeginRead@sqlite3.c:69040 | write:walIndexRecover@sqlite3.c | mapped:test.db-shm+0x68,1,0,0,10,10,10
sqlite,1,data race | atomic read:walTryBeginRead@sqlite3.c:69040 | write:walIndexRecover@sqlite3.c:67459 | mapped:test.db-shm+0x70,1,0,0,10,10,10
sqlite,1,data race | atomic read:walTryBeginRead@sqlite3.c:69040 | write:walRestartHdr@sqlite3.c:68034 | mapped:test.db-shm+0x68,7,8,7,10,10,10
sqlite,1,data race | atomic read:walTryBeginRead@sqlite3.c:69040 | write:walRestartHdr@sqlite3.c:68035 | mapped:test.db-shm+0x6c,3,5,5,10,10,10
sqlite,1,data race | atomic read:walTryBeginRead@sqlite3.c:69040 | write:walRestartHdr@sqlite3.c:68035 | mapped:test.db-shm+0x70,8,6,8,10,10,10
sqlite,1,data race | atomic read:walTryBeginRead@sqlite3.c:69040 | write:walRestartHdr@sqlite3.c:68035 | mapped:test.db-shm+0x74,2,3,1,10,10,10
sqlite,2,data race | atomic read:walTryBeginRead | write:walIndexRecover | mapped:test.db-shm,3,2,1,10,10,10
sqlite,2,data race | atomic read:walTryBeginRead | write:walRestartHdr | mapped:test.db-shm,8,9,8,10,10,10
