app,config,hash,memory_access_sites,tsan_calls_total,sha256,build_seconds
redis,tsan-sound-stmt,d3bf9f8c39fe,37550,44777,8e7ea84176109fc806a885b7843583c59e47b698685f4077f4b30a043c2b7a09,14
redis,tsan-sound-nofe,d3bf9f8c39fe,37620,38627,d36aef1e5d37f89c11da1860fcb3f83083654af147eef42f98cfe3cd003c0dc1,8
memcached,tsan-sound-stmt,d3bf9f8c39fe,6705,7656,8079d11ebee5e8307c9e16506aa17fd3ab4b5c54ee12dd684cc2c72dfb809d3d,10
memcached,tsan-sound-nofe,d3bf9f8c39fe,6643,6833,d37d31e1a7e405804aa71793cbc57e484afcc60cc9d3b7f68007e08835fee435,9
sqlite,tsan-sound-stmt,d3bf9f8c39fe,56975,61571,6d4d32f65b0e66b3ae9a5d157b259aba488b439130a80c99236901a52d0c715d,43
sqlite,tsan-sound-nofe,d3bf9f8c39fe,57032,58403,ecfc4e8223f101cc07cf97d07c67b1a4e554014257d5bb17fdce9c26f61ee9a3,31
ffmpeg,tsan-sound-stmt,d3bf9f8c39fe,497319,544426,4ae257612833f2012cf841271f87f6a2174cfc3084e605e0d2bfc84810a988f4,57
ffmpeg,tsan-sound-nofe,d3bf9f8c39fe,497413,508577,50b1db5fdc2c100b1dd1dac8947af981edfc6d27ee532e151b60b5e3b208334c,52
mysql,tsan-sound-stmt,d3bf9f8c39fe,597536,1216362,2f5f720a3539ad2031f063be749e037efa298596e94d06becf198182451ea9f4,1297
mysql,tsan-sound-nofe,d3bf9f8c39fe,595439,649183,9c403891486feaf5f0046e680175153dedb3170dbafc923a9cff6daa73c01b54,1248
redis,tsan,1391bf330765,37941,45207,02cc6b447c5433e2bbd19973d5e617049b659b4a223fd7d73389f3e4e5530170,9
redis,tsan-sound,1391bf330765,37607,44835,76ff3f23dba2c74f760b5c03a685d3c6c847b403352ba562f7f92c3d3122c5f5,9
memcached,tsan,1391bf330765,6748,7722,a8aaee9ca2f628b2876dda6849af601d04014cf469523252dd15068f0d6d5ec8,9
memcached,tsan-sound,1391bf330765,6643,7594,1bcbc3825c76f2a72f99e14a9b4d94159d7295a91ce900b9846828a5ac70c621,10
sqlite,tsan,1391bf330765,57996,62654,f4b0507e30b6616fb8af8de803011b9ec381bfba1f8fce0d490671669f7e3079,28
sqlite,tsan-sound,1391bf330765,57025,61619,5478cfe49c9bdccc298904b4213a781f6016bb40b89cec2112655ae525efe988,29
ffmpeg,tsan,1391bf330765,514609,562288,96d73d8ba8c022bee6fc591ed18f1f2e4df7836c8de0cc9a7fdcd5f8a18f19af,51
ffmpeg,tsan-sound,1391bf330765,497409,544528,a4eb2819f587ac0d6d488a3386e8885990922884cfb63aac01d746735513b95d,53
mysql,tsan,1391bf330765,602434,1222518,71a49f1ca1b2db6f8b06ae6ee101369b5bc90caa2d1a98f622c3c0e905c86843,332
mysql,tsan-sound,1391bf330765,597140,1215954,fa6a7aadc10eecaeec4835c611e4ba725e3ccd08186a02f27097c30e6b138c22,333
